{
    "total_runtime": 307.2719748020172,
    "num_documents": 1,
    "input_load_time": 0,
    "workflows": {
        "create_base_text_units": {
            "overall": 0.35606861114501953,
            "0_orderby": 0.004525184631347656,
            "1_zip": 0.004999637603759766,
            "2_aggregate_override": 0.006527423858642578,
            "3_chunk": 0.2802751064300537,
            "4_select": 0.004024982452392578,
            "5_unroll": 0.006459712982177734,
            "6_rename": 0.00553131103515625,
            "7_genid": 0.0059888362884521484,
            "8_unzip": 0.009022712707519531,
            "9_copy": 0.0062427520751953125,
            "10_filter": 0.020473957061767578
        },
        "create_base_extracted_entities": {
            "overall": 102.93801927566528,
            "0_entity_extract": 102.8836190700531,
            "1_merge_graphs": 0.041843414306640625
        },
        "create_summarized_entities": {
            "overall": 22.41603112220764,
            "0_summarize_descriptions": 22.409475088119507
        },
        "create_base_entity_graph": {
            "overall": 0.23047184944152832,
            "0_cluster_graph": 0.2082669734954834,
            "1_select": 0.010582208633422852
        },
        "create_final_entities": {
            "overall": 4.041350841522217,
            "0_unpack_graph": 0.13190865516662598,
            "1_rename": 0.02405261993408203,
            "2_select": 0.026167869567871094,
            "3_dedupe": 0.016261816024780273,
            "4_rename": 0.015916824340820312,
            "5_filter": 0.08479809761047363,
            "6_text_split": 0.040004730224609375,
            "7_drop": 0.032692909240722656,
            "8_merge": 0.19278287887573242,
            "9_text_embed": 3.3820090293884277,
            "10_drop": 0.019080638885498047,
            "11_filter": 0.05789971351623535
        },
        "create_final_nodes": {
            "overall": 1.5299468040466309,
            "0_layout_graph": 0.5035610198974609,
            "1_unpack_graph": 0.2616555690765381,
            "2_unpack_graph": 0.1983027458190918,
            "3_filter": 0.14877772331237793,
            "4_drop": 0.03409934043884277,
            "5_select": 0.03928184509277344,
            "6_rename": 0.03125309944152832,
            "7_join": 0.05609583854675293,
            "8_convert": 0.19515109062194824,
            "9_rename": 0.03615617752075195
        },
        "create_final_communities": {
            "overall": 1.6845271587371826,
            "0_unpack_graph": 0.22585272789001465,
            "1_unpack_graph": 0.19748210906982422,
            "2_aggregate_override": 0.04424118995666504,
            "3_join": 0.06780338287353516,
            "4_join": 0.07359576225280762,
            "5_concat": 0.051084280014038086,
            "6_filter": 0.41637635231018066,
            "7_aggregate_override": 0.0717933177947998,
            "8_join": 0.07921218872070312,
            "9_filter": 0.1718895435333252,
            "10_fill": 0.05296468734741211,
            "11_merge": 0.07213544845581055,
            "12_copy": 0.054086923599243164,
            "13_select": 0.05899691581726074
        },
        "join_text_units_to_entity_ids": {
            "overall": 0.194014310836792,
            "0_select": 0.04842805862426758,
            "1_unroll": 0.07420897483825684,
            "2_aggregate_override": 0.04105496406555176
        },
        "create_final_relationships": {
            "overall": 1.247619390487671,
            "0_unpack_graph": 0.30658411979675293,
            "1_filter": 0.2660980224609375,
            "2_rename": 0.05874943733215332,
            "3_filter": 0.2243669033050537,
            "4_drop": 0.05390191078186035,
            "5_compute_edge_combined_degree": 0.07008481025695801,
            "6_convert": 0.16951990127563477,
            "7_convert": 0.05455517768859863
        },
        "join_text_units_to_relationship_ids": {
            "overall": 0.3003499507904053,
            "0_select": 0.040979862213134766,
            "1_unroll": 0.07103157043457031,
            "2_aggregate_override": 0.07990169525146484,
            "3_select": 0.0452425479888916
        },
        "create_final_community_reports": {
            "overall": 166.9393219947815,
            "0_prepare_community_reports_nodes": 0.16604351997375488,
            "1_prepare_community_reports_edges": 0.08423328399658203,
            "2_restore_community_hierarchy": 0.06817078590393066,
            "3_prepare_community_reports": 0.7573680877685547,
            "4_create_community_reports": 165.77748823165894,
            "5_window": 0.02661442756652832
        },
        "create_final_text_units": {
            "overall": 0.20242786407470703,
            "0_select": 0.0229339599609375,
            "1_rename": 0.03158426284790039,
            "2_join": 0.0302889347076416,
            "3_join": 0.037156105041503906,
            "4_aggregate_override": 0.027706146240234375,
            "5_select": 0.029319047927856445
        },
        "create_base_documents": {
            "overall": 0.3231358528137207,
            "0_unroll": 0.029783010482788086,
            "1_select": 0.027579545974731445,
            "2_rename": 0.028602123260498047,
            "3_join": 0.035721778869628906,
            "4_aggregate_override": 0.033667564392089844,
            "5_join": 0.03451395034790039,
            "6_rename": 0.03883838653564453,
            "7_convert": 0.06839585304260254
        },
        "create_final_documents": {
            "overall": 0.1041421890258789,
            "0_rename": 0.048363685607910156
        }
    }
}