{
    "total_runtime": 238.48878264427185,
    "num_documents": 1,
    "input_load_time": 0,
    "workflows": {
        "create_base_text_units": {
            "overall": 0.32117295265197754,
            "0_orderby": 0.0025031566619873047,
            "1_zip": 0.004293680191040039,
            "2_aggregate_override": 0.0044116973876953125,
            "3_chunk": 0.25601792335510254,
            "4_select": 0.003994464874267578,
            "5_unroll": 0.00651240348815918,
            "6_rename": 0.0050275325775146484,
            "7_genid": 0.005423069000244141,
            "8_unzip": 0.005530118942260742,
            "9_copy": 0.00638127326965332,
            "10_filter": 0.01807689666748047
        },
        "create_base_extracted_entities": {
            "overall": 100.31408882141113,
            "0_entity_extract": 100.21031141281128,
            "1_merge_graphs": 0.0902414321899414
        },
        "create_summarized_entities": {
            "overall": 4.4450860023498535,
            "0_summarize_descriptions": 4.434037685394287
        },
        "create_base_entity_graph": {
            "overall": 0.2978646755218506,
            "0_cluster_graph": 0.2657334804534912,
            "1_select": 0.017052412033081055
        },
        "create_final_entities": {
            "overall": 3.0243682861328125,
            "0_unpack_graph": 0.06301403045654297,
            "1_rename": 0.012110471725463867,
            "2_select": 0.013515233993530273,
            "3_dedupe": 0.01432943344116211,
            "4_rename": 0.00998830795288086,
            "5_filter": 0.028299331665039062,
            "6_text_split": 0.017099857330322266,
            "7_drop": 0.018507719039916992,
            "8_merge": 0.1603078842163086,
            "9_text_embed": 2.6042490005493164,
            "10_drop": 0.02342987060546875,
            "11_filter": 0.05142092704772949
        },
        "create_final_nodes": {
            "overall": 0.873772144317627,
            "0_layout_graph": 0.2876608371734619,
            "1_unpack_graph": 0.12158083915710449,
            "2_unpack_graph": 0.0838623046875,
            "3_drop": 0.0327143669128418,
            "4_filter": 0.09578585624694824,
            "5_select": 0.07831430435180664,
            "6_rename": 0.018069028854370117,
            "7_join": 0.03223609924316406,
            "8_convert": 0.06757974624633789,
            "9_rename": 0.03658652305603027
        },
        "create_final_communities": {
            "overall": 0.9314351081848145,
            "0_unpack_graph": 0.12269783020019531,
            "1_unpack_graph": 0.09825396537780762,
            "2_aggregate_override": 0.0358428955078125,
            "3_join": 0.035915374755859375,
            "4_join": 0.05593395233154297,
            "5_concat": 0.03116583824157715,
            "6_filter": 0.26929211616516113,
            "7_aggregate_override": 0.03191876411437988,
            "8_join": 0.028603553771972656,
            "9_filter": 0.07310271263122559,
            "10_fill": 0.028612852096557617,
            "11_merge": 0.04223966598510742,
            "12_copy": 0.019353628158569336,
            "13_select": 0.01859283447265625
        },
        "join_text_units_to_entity_ids": {
            "overall": 0.11817765235900879,
            "0_select": 0.020612478256225586,
            "1_unroll": 0.022745132446289062,
            "2_aggregate_override": 0.048107147216796875
        },
        "create_final_relationships": {
            "overall": 0.781491756439209,
            "0_unpack_graph": 0.10265088081359863,
            "1_filter": 0.1579601764678955,
            "2_rename": 0.05585479736328125,
            "3_filter": 0.16604375839233398,
            "4_drop": 0.04856753349304199,
            "5_compute_edge_combined_degree": 0.06325125694274902,
            "6_convert": 0.09541988372802734,
            "7_convert": 0.048959970474243164
        },
        "join_text_units_to_relationship_ids": {
            "overall": 0.21134400367736816,
            "0_select": 0.04659247398376465,
            "1_unroll": 0.05680274963378906,
            "2_aggregate_override": 0.048699140548706055,
            "3_select": 0.03960371017456055
        },
        "create_final_community_reports": {
            "overall": 121.84943556785583,
            "0_prepare_community_reports_nodes": 0.07667899131774902,
            "1_prepare_community_reports_edges": 0.07401418685913086,
            "2_restore_community_hierarchy": 0.06817841529846191,
            "3_prepare_community_reports": 0.3953280448913574,
            "4_create_community_reports": 121.14643406867981,
            "5_window": 0.03412437438964844
        },
        "create_final_text_units": {
            "overall": 0.30314183235168457,
            "0_select": 0.039162397384643555,
            "1_rename": 0.03633451461791992,
            "2_join": 0.052407264709472656,
            "3_join": 0.04988241195678711,
            "4_aggregate_override": 0.049356698989868164,
            "5_select": 0.036736488342285156
        },
        "create_base_documents": {
            "overall": 0.5007283687591553,
            "0_unroll": 0.06076335906982422,
            "1_select": 0.06677651405334473,
            "2_rename": 0.07971405982971191,
            "3_join": 0.038181304931640625,
            "4_aggregate_override": 0.034982919692993164,
            "5_join": 0.04315614700317383,
            "6_rename": 0.03988289833068848,
            "7_convert": 0.09973335266113281
        },
        "create_final_documents": {
            "overall": 0.12935709953308105,
            "0_rename": 0.06258940696716309
        }
    }
}