{
    "total_runtime": 354.4470384120941,
    "num_documents": 1,
    "input_load_time": 0,
    "workflows": {
        "create_base_text_units": {
            "overall": 0.49401068687438965,
            "0_orderby": 0.008597135543823242,
            "1_zip": 0.009528398513793945,
            "2_aggregate_override": 0.015524864196777344,
            "3_chunk": 0.3071413040161133,
            "4_select": 0.0050013065338134766,
            "5_unroll": 0.025845050811767578,
            "6_rename": 0.016588211059570312,
            "7_genid": 0.021118640899658203,
            "8_unzip": 0.00853586196899414,
            "9_copy": 0.008566141128540039,
            "10_filter": 0.05902361869812012
        },
        "create_base_extracted_entities": {
            "overall": 30.017674446105957,
            "0_entity_extract": 29.942036628723145,
            "1_merge_graphs": 0.062268733978271484
        },
        "create_summarized_entities": {
            "overall": 96.80091452598572,
            "0_summarize_descriptions": 96.79485988616943
        },
        "create_base_entity_graph": {
            "overall": 0.45293617248535156,
            "0_cluster_graph": 0.4352114200592041,
            "1_select": 0.0071506500244140625
        },
        "create_final_entities": {
            "overall": 2.870351552963257,
            "0_unpack_graph": 0.08812642097473145,
            "1_rename": 0.008352994918823242,
            "2_select": 0.011533975601196289,
            "3_dedupe": 0.010327577590942383,
            "4_rename": 0.009112119674682617,
            "5_filter": 0.030625581741333008,
            "6_text_split": 0.01845407485961914,
            "7_drop": 0.014276504516601562,
            "8_merge": 0.09064912796020508,
            "9_text_embed": 2.5292484760284424,
            "10_drop": 0.01753401756286621,
            "11_filter": 0.03419017791748047
        },
        "create_final_nodes": {
            "overall": 0.741264820098877,
            "0_layout_graph": 0.346818208694458,
            "1_unpack_graph": 0.08819365501403809,
            "2_unpack_graph": 0.09334778785705566,
            "3_filter": 0.041272878646850586,
            "4_drop": 0.01578497886657715,
            "5_select": 0.013193607330322266,
            "6_rename": 0.0145721435546875,
            "7_join": 0.03438544273376465,
            "8_convert": 0.06195425987243652,
            "9_rename": 0.01505279541015625
        },
        "create_final_communities": {
            "overall": 0.7150499820709229,
            "0_unpack_graph": 0.12123751640319824,
            "1_unpack_graph": 0.08762311935424805,
            "2_aggregate_override": 0.026976823806762695,
            "3_join": 0.02966618537902832,
            "4_join": 0.030709028244018555,
            "5_concat": 0.015214204788208008,
            "6_filter": 0.1997547149658203,
            "7_aggregate_override": 0.032829999923706055,
            "8_join": 0.025792360305786133,
            "9_filter": 0.04019474983215332,
            "10_fill": 0.01809072494506836,
            "11_merge": 0.0367586612701416,
            "12_copy": 0.01806330680847168,
            "13_select": 0.01808452606201172
        },
        "join_text_units_to_entity_ids": {
            "overall": 0.07724571228027344,
            "0_select": 0.018101930618286133,
            "1_unroll": 0.02112412452697754,
            "2_aggregate_override": 0.022806644439697266
        },
        "create_final_relationships": {
            "overall": 0.40804314613342285,
            "0_unpack_graph": 0.09594178199768066,
            "1_filter": 0.059711456298828125,
            "2_rename": 0.022188663482666016,
            "3_filter": 0.06385159492492676,
            "4_drop": 0.021038055419921875,
            "5_compute_edge_combined_degree": 0.027410268783569336,
            "6_convert": 0.05920600891113281,
            "7_convert": 0.03703784942626953
        },
        "join_text_units_to_relationship_ids": {
            "overall": 0.11510062217712402,
            "0_select": 0.023197650909423828,
            "1_unroll": 0.02533125877380371,
            "2_aggregate_override": 0.025636672973632812,
            "3_select": 0.022753238677978516
        },
        "create_final_community_reports": {
            "overall": 216.0492398738861,
            "0_prepare_community_reports_nodes": 0.058992862701416016,
            "1_prepare_community_reports_edges": 0.029430389404296875,
            "2_restore_community_hierarchy": 0.030023813247680664,
            "3_prepare_community_reports": 0.41510534286499023,
            "4_create_community_reports": 215.42492389678955,
            "5_window": 0.07118606567382812
        },
        "create_final_text_units": {
            "overall": 0.5897955894470215,
            "0_select": 0.06554770469665527,
            "1_rename": 0.14734721183776855,
            "2_join": 0.09784126281738281,
            "3_join": 0.060437917709350586,
            "4_aggregate_override": 0.08982968330383301,
            "5_select": 0.07278060913085938
        },
        "create_base_documents": {
            "overall": 0.858773946762085,
            "0_unroll": 0.09300518035888672,
            "1_select": 0.07762694358825684,
            "2_rename": 0.08035755157470703,
            "3_join": 0.09418821334838867,
            "4_aggregate_override": 0.10355734825134277,
            "5_join": 0.06544947624206543,
            "6_rename": 0.0769507884979248,
            "7_convert": 0.18964290618896484
        },
        "create_final_documents": {
            "overall": 0.14142155647277832,
            "0_rename": 0.06769680976867676
        }
    }
}