{
    "total_runtime": 53.60297131538391,
    "num_documents": 1,
    "input_load_time": 0,
    "workflows": {
        "create_base_text_units": {
            "overall": 0.5844683647155762,
            "0_orderby": 0.004670858383178711,
            "1_zip": 0.007874727249145508,
            "2_aggregate_override": 0.006737709045410156,
            "3_chunk": 0.3809494972229004,
            "4_select": 0.0,
            "5_unroll": 0.017725706100463867,
            "6_rename": 0.0161285400390625,
            "7_genid": 0.013101577758789062,
            "8_unzip": 0.01615738868713379,
            "9_copy": 0.00347137451171875,
            "10_filter": 0.10114097595214844
        },
        "create_base_extracted_entities": {
            "overall": 52.51888585090637,
            "0_entity_extract": 52.444658517837524,
            "1_merge_graphs": 0.06059145927429199
        }
    }
}