{
    "total_runtime": 2.4011638164520264,
    "num_documents": 1,
    "input_load_time": 0,
    "workflows": {
        "create_base_text_units": {
            "overall": 0.6597657203674316,
            "0_orderby": 0.015026330947875977,
            "1_zip": 0.01613450050354004,
            "2_aggregate_override": 0.004839658737182617,
            "3_chunk": 0.5076496601104736,
            "4_select": 0.0074574947357177734,
            "5_unroll": 0.01719832420349121,
            "6_rename": 0.012644767761230469,
            "7_genid": 0.016109704971313477,
            "8_unzip": 0.013287544250488281,
            "9_copy": 0.007230997085571289,
            "10_filter": 0.042186737060546875
        },
        "create_base_extracted_entities": {
            "overall": 1.1973366737365723,
            "0_entity_extract": 1.0665028095245361,
            "1_merge_graphs": 0.10035061836242676
        }
    }
}