{
    "total_runtime": 2.5872695446014404,
    "num_documents": 1,
    "input_load_time": 0,
    "workflows": {
        "create_base_text_units": {
            "overall": 0.6531469821929932,
            "0_orderby": 0.0047419071197509766,
            "1_zip": 0.025462865829467773,
            "2_aggregate_override": 0.01657867431640625,
            "3_chunk": 0.4647083282470703,
            "4_select": 0.010203123092651367,
            "5_unroll": 0.0075893402099609375,
            "6_rename": 0.011205911636352539,
            "7_genid": 0.020898103713989258,
            "8_unzip": 0.01785445213317871,
            "9_copy": 0.009366750717163086,
            "10_filter": 0.0484311580657959
        },
        "create_base_extracted_entities": {
            "overall": 1.3803589344024658,
            "0_entity_extract": 1.1835134029388428,
            "1_merge_graphs": 0.16149568557739258
        }
    }
}