{
    "total_runtime": 415.2632465362549,
    "num_documents": 1,
    "input_load_time": 0,
    "workflows": {
        "create_base_text_units": {
            "overall": 0.5671939849853516,
            "0_orderby": 0.0,
            "1_zip": 0.014205455780029297,
            "2_aggregate_override": 0.012727022171020508,
            "3_chunk": 0.42765092849731445,
            "4_select": 0.007294654846191406,
            "5_unroll": 0.01552581787109375,
            "6_rename": 0.007413387298583984,
            "7_genid": 0.01594400405883789,
            "8_unzip": 0.013619422912597656,
            "9_copy": 0.012918710708618164,
            "10_filter": 0.03583240509033203
        },
        "create_base_extracted_entities": {
            "overall": 1.2398045063018799,
            "0_entity_extract": 1.1057891845703125,
            "1_merge_graphs": 0.12734103202819824
        },
        "create_summarized_entities": {
            "overall": 67.14945960044861,
            "0_summarize_descriptions": 67.13370609283447
        },
        "create_base_entity_graph": {
            "overall": 0.46476244926452637,
            "0_cluster_graph": 0.43610119819641113,
            "1_select": 0.01564645767211914
        },
        "create_final_entities": {
            "overall": 5.561823606491089,
            "0_unpack_graph": 0.19401192665100098,
            "1_rename": 0.02246260643005371,
            "2_select": 0.017615795135498047,
            "3_dedupe": 0.018634796142578125,
            "4_rename": 0.017293214797973633,
            "5_filter": 0.06590390205383301,
            "6_text_split": 0.03853631019592285,
            "7_drop": 0.023762941360473633,
            "8_merge": 0.2925741672515869,
            "9_text_embed": 4.702659368515015,
            "10_drop": 0.01701951026916504,
            "11_filter": 0.1346452236175537
        },
        "create_final_nodes": {
            "overall": 1.8082544803619385,
            "0_layout_graph": 0.9727685451507568,
            "1_unpack_graph": 0.27971768379211426,
            "2_unpack_graph": 0.22377371788024902,
            "3_filter": 0.08407163619995117,
            "4_drop": 0.016627788543701172,
            "5_select": 0.02927565574645996,
            "6_rename": 0.023028850555419922,
            "7_join": 0.044910430908203125,
            "8_convert": 0.08759117126464844,
            "9_rename": 0.03011178970336914
        },
        "create_final_communities": {
            "overall": 1.5692205429077148,
            "0_unpack_graph": 0.19305038452148438,
            "1_unpack_graph": 0.23431706428527832,
            "2_aggregate_override": 0.024271249771118164,
            "3_join": 0.024260997772216797,
            "4_join": 0.06734180450439453,
            "5_concat": 0.022062301635742188,
            "6_filter": 0.5457115173339844,
            "7_aggregate_override": 0.05525708198547363,
            "8_join": 0.04653501510620117,
            "9_filter": 0.08565258979797363,
            "10_fill": 0.032346248626708984,
            "11_merge": 0.13287758827209473,
            "12_copy": 0.03339838981628418,
            "13_select": 0.056496620178222656
        },
        "join_text_units_to_entity_ids": {
            "overall": 0.3051304817199707,
            "0_select": 0.028044939041137695,
            "1_unroll": 0.16339564323425293,
            "2_aggregate_override": 0.08243107795715332
        },
        "create_final_relationships": {
            "overall": 1.0773694515228271,
            "0_unpack_graph": 0.23691129684448242,
            "1_filter": 0.31246137619018555,
            "2_rename": 0.06476354598999023,
            "3_filter": 0.18906021118164062,
            "4_drop": 0.029483795166015625,
            "5_compute_edge_combined_degree": 0.057991743087768555,
            "6_convert": 0.08492326736450195,
            "7_convert": 0.05701875686645508
        },
        "join_text_units_to_relationship_ids": {
            "overall": 0.28739094734191895,
            "0_select": 0.04265880584716797,
            "1_unroll": 0.08401322364807129,
            "2_aggregate_override": 0.06724953651428223,
            "3_select": 0.0614924430847168
        },
        "create_final_community_reports": {
            "overall": 328.8182373046875,
            "0_prepare_community_reports_nodes": 0.1426239013671875,
            "1_prepare_community_reports_edges": 0.03241610527038574,
            "2_restore_community_hierarchy": 0.06202435493469238,
            "3_prepare_community_reports": 1.1517794132232666,
            "4_create_community_reports": 327.3022792339325,
            "5_window": 0.08065438270568848
        },
        "create_final_text_units": {
            "overall": 0.3675827980041504,
            "0_select": 0.041967153549194336,
            "1_rename": 0.031473398208618164,
            "2_join": 0.0814046859741211,
            "3_join": 0.06703519821166992,
            "4_aggregate_override": 0.042958736419677734,
            "5_select": 0.07440900802612305
        },
        "create_base_documents": {
            "overall": 0.5814027786254883,
            "0_unroll": 0.05115485191345215,
            "1_select": 0.04411816596984863,
            "2_rename": 0.06714797019958496,
            "3_join": 0.048970699310302734,
            "4_aggregate_override": 0.0622410774230957,
            "5_join": 0.07950329780578613,
            "6_rename": 0.0430905818939209,
            "7_convert": 0.15339159965515137
        },
        "create_final_documents": {
            "overall": 0.11426472663879395,
            "0_rename": 0.07143187522888184
        }
    }
}