{
    "total_runtime": 0.8778882026672363,
    "num_documents": 1,
    "input_load_time": 0,
    "workflows": {
        "create_base_text_units": {
            "overall": 0.6948635578155518,
            "0_orderby": 0.01680922508239746,
            "1_zip": 0.0,
            "2_aggregate_override": 0.03574681282043457,
            "3_chunk": 0.46312737464904785,
            "4_select": 0.010122060775756836,
            "5_unroll": 0.0376896858215332,
            "6_rename": 0.013274669647216797,
            "7_genid": 0.015782594680786133,
            "8_unzip": 0.025980710983276367,
            "9_copy": 0.017052888870239258,
            "10_filter": 0.05927753448486328
        }
    }
}