{
    "total_runtime": 2.1477739810943604,
    "num_documents": 1,
    "input_load_time": 0,
    "workflows": {
        "create_base_text_units": {
            "overall": 0.558814287185669,
            "0_orderby": 0.0,
            "1_zip": 0.0,
            "2_aggregate_override": 0.023400545120239258,
            "3_chunk": 0.41027188301086426,
            "4_select": 0.009034156799316406,
            "5_unroll": 0.007302284240722656,
            "6_rename": 0.0,
            "7_genid": 0.016841888427734375,
            "8_unzip": 0.030658960342407227,
            "9_copy": 0.014879941940307617,
            "10_filter": 0.030681371688842773
        },
        "create_base_extracted_entities": {
            "overall": 1.1116774082183838,
            "0_entity_extract": 0.9950885772705078,
            "1_merge_graphs": 0.10016727447509766
        }
    }
}