{
    "total_runtime": 116.98285722732544,
    "num_documents": 1,
    "input_load_time": 0,
    "workflows": {
        "create_base_text_units": {
            "overall": 0.5468223094940186,
            "0_orderby": 0.007079601287841797,
            "1_zip": 0.009201765060424805,
            "2_aggregate_override": 0.0,
            "3_chunk": 0.42452049255371094,
            "4_select": 0.00823211669921875,
            "5_unroll": 0.008420228958129883,
            "6_rename": 0.007205963134765625,
            "7_genid": 0.008496761322021484,
            "8_unzip": 0.015408039093017578,
            "9_copy": 0.012088298797607422,
            "10_filter": 0.029904603958129883
        },
        "create_base_extracted_entities": {
            "overall": 0.8940870761871338,
            "0_entity_extract": 0.8249773979187012,
            "1_merge_graphs": 0.06632184982299805
        },
        "create_summarized_entities": {
            "overall": 4.086528301239014,
            "0_summarize_descriptions": 4.066650629043579
        },
        "create_base_entity_graph": {
            "overall": 0.3296198844909668,
            "0_cluster_graph": 0.30516600608825684,
            "1_select": 0.008112668991088867
        },
        "create_final_entities": {
            "overall": 2.32742977142334,
            "0_unpack_graph": 0.04961562156677246,
            "1_rename": 0.0004935264587402344,
            "2_select": 0.020364761352539062,
            "3_dedupe": 0.016148805618286133,
            "4_rename": 0.028603315353393555,
            "5_filter": 0.05706000328063965,
            "6_text_split": 0.028443098068237305,
            "7_drop": 0.049139976501464844,
            "8_merge": 0.08508515357971191,
            "9_text_embed": 1.8174054622650146,
            "10_drop": 0.012062788009643555,
            "11_filter": 0.1462235450744629
        },
        "create_final_nodes": {
            "overall": 0.7549855709075928,
            "0_layout_graph": 0.20229673385620117,
            "1_unpack_graph": 0.05453157424926758,
            "2_unpack_graph": 0.09175825119018555,
            "3_filter": 0.05809950828552246,
            "4_drop": 0.04217052459716797,
            "5_select": 0.020119905471801758,
            "6_rename": 0.05206799507141113,
            "7_join": 0.0282742977142334,
            "8_convert": 0.16904973983764648,
            "9_rename": 0.03258490562438965
        },
        "create_final_communities": {
            "overall": 0.7702302932739258,
            "0_unpack_graph": 0.05840659141540527,
            "1_unpack_graph": 0.06761407852172852,
            "2_aggregate_override": 0.02645421028137207,
            "3_join": 0.03521466255187988,
            "4_join": 0.03329920768737793,
            "5_concat": 0.028055429458618164,
            "6_filter": 0.12251949310302734,
            "7_aggregate_override": 0.053943634033203125,
            "8_join": 0.05192685127258301,
            "9_filter": 0.10032486915588379,
            "10_fill": 0.041312217712402344,
            "11_merge": 0.05449485778808594,
            "12_copy": 0.03312230110168457,
            "13_select": 0.03144717216491699
        },
        "join_text_units_to_entity_ids": {
            "overall": 0.15538549423217773,
            "0_select": 0.04095125198364258,
            "1_unroll": 0.047621726989746094,
            "2_aggregate_override": 0.0351412296295166
        },
        "create_final_relationships": {
            "overall": 0.5159933567047119,
            "0_unpack_graph": 0.0873422622680664,
            "1_filter": 0.07823991775512695,
            "2_rename": 0.03353452682495117,
            "3_filter": 0.0825345516204834,
            "4_drop": 0.05103611946105957,
            "5_compute_edge_combined_degree": 0.04898381233215332,
            "6_convert": 0.06516623497009277,
            "7_convert": 0.04932427406311035
        },
        "join_text_units_to_relationship_ids": {
            "overall": 0.4206705093383789,
            "0_select": 0.060608625411987305,
            "1_unroll": 0.06879830360412598,
            "2_aggregate_override": 0.177262544631958,
            "3_select": 0.07024693489074707
        },
        "create_final_community_reports": {
            "overall": 100.40294027328491,
            "0_prepare_community_reports_nodes": 0.036432504653930664,
            "1_prepare_community_reports_edges": 0.044896841049194336,
            "2_restore_community_hierarchy": 0.049521446228027344,
            "3_prepare_community_reports": 0.4355607032775879,
            "4_create_community_reports": 99.73492074012756,
            "5_window": 0.07120656967163086
        },
        "create_final_text_units": {
            "overall": 0.38388967514038086,
            "0_select": 0.032263755798339844,
            "1_rename": 0.03494000434875488,
            "2_join": 0.05856633186340332,
            "3_join": 0.06765484809875488,
            "4_aggregate_override": 0.06466341018676758,
            "5_select": 0.08210015296936035
        },
        "create_base_documents": {
            "overall": 0.6633474826812744,
            "0_unroll": 0.06013798713684082,
            "1_select": 0.03646993637084961,
            "2_rename": 0.09379935264587402,
            "3_join": 0.10515666007995605,
            "4_aggregate_override": 0.04348111152648926,
            "5_join": 0.05677032470703125,
            "6_rename": 0.0619199275970459,
            "7_convert": 0.16018056869506836
        },
        "create_final_documents": {
            "overall": 0.09518027305603027,
            "0_rename": 0.05538535118103027
        }
    }
}