{
    "total_runtime": 37.5700900554657,
    "num_documents": 1,
    "input_load_time": 0,
    "workflows": {
        "create_base_text_units": {
            "overall": 0.35260486602783203,
            "0_orderby": 0.0030252933502197266,
            "1_zip": 0.003509998321533203,
            "2_aggregate_override": 0.004998922348022461,
            "3_chunk": 0.2847599983215332,
            "4_select": 0.004561424255371094,
            "5_unroll": 0.005530834197998047,
            "6_rename": 0.005046367645263672,
            "7_genid": 0.005439281463623047,
            "8_unzip": 0.005965471267700195,
            "9_copy": 0.00560450553894043,
            "10_filter": 0.021155834197998047
        },
        "create_base_extracted_entities": {
            "overall": 0.7198188304901123,
            "0_entity_extract": 0.6478478908538818,
            "1_merge_graphs": 0.06493091583251953
        },
        "create_summarized_entities": {
            "overall": 1.7083864212036133,
            "0_summarize_descriptions": 1.6954967975616455
        },
        "create_base_entity_graph": {
            "overall": 0.3643202781677246,
            "0_cluster_graph": 0.3501005172729492,
            "1_select": 0.008637428283691406
        },
        "create_final_entities": {
            "overall": 1.877443552017212,
            "0_unpack_graph": 0.125565767288208,
            "1_rename": 0.012039422988891602,
            "2_select": 0.009581804275512695,
            "3_dedupe": 0.010521888732910156,
            "4_rename": 0.009565114974975586,
            "5_filter": 0.038480520248413086,
            "6_text_split": 0.03520846366882324,
            "7_drop": 0.03268146514892578,
            "8_merge": 0.2590935230255127,
            "9_text_embed": 1.2947702407836914,
            "10_drop": 0.010593414306640625,
            "11_filter": 0.03090071678161621
        },
        "create_final_nodes": {
            "overall": 1.0888450145721436,
            "0_layout_graph": 0.588080883026123,
            "1_unpack_graph": 0.1505591869354248,
            "2_unpack_graph": 0.1484544277191162,
            "3_drop": 0.012114286422729492,
            "4_filter": 0.05380845069885254,
            "5_select": 0.01710343360900879,
            "6_rename": 0.01714324951171875,
            "7_join": 0.02471923828125,
            "8_convert": 0.04831361770629883,
            "9_rename": 0.017443180084228516
        },
        "create_final_communities": {
            "overall": 1.10310959815979,
            "0_unpack_graph": 0.12501287460327148,
            "1_unpack_graph": 0.13177967071533203,
            "2_aggregate_override": 0.016591787338256836,
            "3_join": 0.03381705284118652,
            "4_join": 0.033315420150756836,
            "5_concat": 0.021489620208740234,
            "6_filter": 0.414823055267334,
            "7_aggregate_override": 0.06056833267211914,
            "8_join": 0.06769466400146484,
            "9_filter": 0.06702470779418945,
            "10_fill": 0.02349543571472168,
            "11_merge": 0.055022239685058594,
            "12_copy": 0.020249605178833008,
            "13_select": 0.018615245819091797
        },
        "join_text_units_to_entity_ids": {
            "overall": 0.09085869789123535,
            "0_select": 0.019332170486450195,
            "1_unroll": 0.02205514907836914,
            "2_aggregate_override": 0.03448605537414551
        },
        "create_final_relationships": {
            "overall": 0.4540398120880127,
            "0_unpack_graph": 0.14280176162719727,
            "1_filter": 0.061437129974365234,
            "2_rename": 0.021041154861450195,
            "3_filter": 0.07242369651794434,
            "4_drop": 0.027619361877441406,
            "5_compute_edge_combined_degree": 0.03318142890930176,
            "6_convert": 0.045310020446777344,
            "7_convert": 0.025171995162963867
        },
        "join_text_units_to_relationship_ids": {
            "overall": 0.26886725425720215,
            "0_select": 0.04114985466003418,
            "1_unroll": 0.04368758201599121,
            "2_aggregate_override": 0.05926251411437988,
            "3_select": 0.05731487274169922
        },
        "create_final_community_reports": {
            "overall": 25.142279863357544,
            "0_prepare_community_reports_nodes": 0.15575647354125977,
            "1_prepare_community_reports_edges": 0.030498266220092773,
            "2_restore_community_hierarchy": 0.03629136085510254,
            "3_prepare_community_reports": 0.5976428985595703,
            "4_create_community_reports": 24.25451898574829,
            "5_window": 0.024731159210205078
        },
        "create_final_text_units": {
            "overall": 0.20437121391296387,
            "0_select": 0.02553534507751465,
            "1_rename": 0.027708053588867188,
            "2_join": 0.032419443130493164,
            "3_join": 0.031612396240234375,
            "4_aggregate_override": 0.038332223892211914,
            "5_select": 0.025081157684326172
        },
        "create_base_documents": {
            "overall": 0.4108412265777588,
            "0_unroll": 0.0595088005065918,
            "1_select": 0.030404090881347656,
            "2_rename": 0.04491305351257324,
            "3_join": 0.052520036697387695,
            "4_aggregate_override": 0.044741153717041016,
            "5_join": 0.040877342224121094,
            "6_rename": 0.03526449203491211,
            "7_convert": 0.07781100273132324
        },
        "create_final_documents": {
            "overall": 0.06749963760375977,
            "0_rename": 0.0407557487487793
        }
    }
}