{
    "total_runtime": 163.53550124168396,
    "num_documents": 1,
    "input_load_time": 0,
    "workflows": {
        "create_base_text_units": {
            "overall": 0.6064209938049316,
            "0_orderby": 0.014517068862915039,
            "1_zip": 0.016800403594970703,
            "2_aggregate_override": 0.0009427070617675781,
            "3_chunk": 0.4510202407836914,
            "4_select": 0.012732505798339844,
            "5_unroll": 0.015424489974975586,
            "6_rename": 0.014665365219116211,
            "7_genid": 0.007833480834960938,
            "8_unzip": 0.027950286865234375,
            "9_copy": 0.0061185359954833984,
            "10_filter": 0.03841590881347656
        },
        "create_base_extracted_entities": {
            "overall": 162.42810010910034,
            "0_entity_extract": 162.27681255340576,
            "1_merge_graphs": 0.1358811855316162
        }
    }
}